date,open,close,high,low,volume,symbol
2021-12-03,56521.45,56230.36,57670.68,56086.21,5755.8349682,BTC/USD
2021-12-02,57226.51,56521.46,57423.69,55845.0,12969.21952648,BTC/USD
2021-12-01,56998.35,57226.5,59118.84,56465.75,16607.30872879,BTC/USD
2021-11-30,57838.06,56987.97,59249.77,55910.33,18038.78770838,BTC/USD
2021-11-29,57318.51,57838.06,58908.27,56730.0,13454.23335496,BTC/USD
2021-11-28,54759.04,57317.17,57490.0,53327.0,8222.42493442,BTC/USD
2021-11-27,53757.67,54759.05,55316.67,53642.58,7899.30349126,BTC/USD
2021-11-26,58994.72,53757.67,59194.0,53533.0,25946.30174683,BTC/USD
2021-11-25,57158.58,58987.27,59445.99,57037.04,10668.67680723,BTC/USD
2021-11-24,57562.65,57162.66,57607.97,55875.01,12509.25971944,BTC/USD
2021-11-23,56280.81,57566.85,57886.03,55377.0,14019.78167156,BTC/USD
2021-11-22,58671.22,56280.81,59526.51,55641.03,15889.22078935,BTC/USD
2021-11-21,59760.76,58671.21,60070.0,58509.69,6661.36635434,BTC/USD
2021-11-20,58122.15,59760.76,59900.0,57423.35,7584.65241653,BTC/USD
2021-11-19,56898.46,58122.16,58412.12,55625.0,18554.56064192,BTC/USD
2021-11-18,60351.51,56898.0,60977.21,56514.13,26749.21203012,BTC/USD
2021-11-17,60101.56,60351.51,60824.38,58380.0,20907.21545076,BTC/USD
2021-11-16,63621.05,60107.98,63624.6,58638.0,24910.15267457,BTC/USD
2021-11-15,65505.03,63624.59,66339.9,63371.0,10426.55522646,BTC/USD
2021-11-14,64400.01,65505.02,65525.0,63596.9,6081.57225975,BTC/USD
2021-11-13,64144.42,64400.01,64990.0,63394.17,5968.10354833,BTC/USD
2021-11-12,64807.73,64147.9,65477.06,62300.0,13658.626579,BTC/USD
2021-11-11,64912.2,64807.59,65600.0,64133.78,10259.51472415,BTC/USD
2021-11-10,66938.76,64912.2,69000.0,62800.0,19030.24517744,BTC/USD
2021-11-09,67554.13,66944.66,68568.85,66261.79,14996.62508818,BTC/USD
2021-11-08,63309.12,67554.84,67792.77,63309.12,17661.87297159,BTC/USD
2021-11-07,61539.3,63309.13,63327.96,61397.86,5596.02460734,BTC/USD
2021-11-06,61006.14,61539.31,61599.25,60125.0,6366.43859189,BTC/USD
2021-11-05,61444.49,61006.15,62638.59,60777.0,10598.79620286,BTC/USD
2021-11-04,62935.4,61444.5,63114.14,60728.77,11051.75853921,BTC/USD
2021-11-03,63266.5,62935.41,63568.36,60070.0,12951.87181247,BTC/USD
2021-11-02,60956.4,63266.51,64300.0,60672.16,13694.11539462,BTC/USD
2021-11-01,61346.17,60949.54,62500.0,59500.0,11724.34161877,BTC/USD
2021-10-31,61896.38,61343.68,62427.02,60001.0,8371.1698899,BTC/USD
2021-10-30,62287.95,61892.41,62379.2,60725.01,6793.59698552,BTC/USD
2021-10-29,60591.63,62276.72,62974.0,60188.73,15497.01101939,BTC/USD
2021-10-28,58462.73,60591.65,62477.47,57653.88,19354.49897509,BTC/USD
2021-10-27,60333.19,58455.47,61488.0,58100.0,18856.68565412,BTC/USD
2021-10-26,63081.96,60337.62,63290.49,59837.07,12181.48144997,BTC/USD
2021-10-25,60847.91,63083.54,63726.58,60653.5,10496.58058683,BTC/USD
2021-10-24,61300.02,60854.48,61491.96,59522.89,8573.72719199,BTC/USD
2021-10-23,60682.88,61300.01,61750.0,59650.0,6708.15013802,BTC/USD
2021-10-22,62204.01,60687.64,63750.0,60000.0,17217.70765017,BTC/USD
2021-10-21,66021.26,62204.02,66650.85,62050.0,23474.39133313,BTC/USD
2021-10-20,64303.14,66026.54,66999.0,63525.0,19194.45410878,BTC/USD
2021-10-19,62042.4,64303.14,64500.0,61333.0,17380.30486176,BTC/USD
2021-10-18,61530.07,62042.41,62675.19,59887.74,19798.1489024,BTC/USD
2021-10-17,60867.05,61527.11,61744.17,58943.83,9153.32273471,BTC/USD
2021-10-16,61690.32,60877.42,62350.0,60139.01,10161.25819825,BTC/USD
2021-10-15,57359.51,61695.39,62910.0,56867.11,27105.19764492,BTC/USD
2021-10-14,57367.32,57359.51,58520.71,56832.32,12198.02457938,BTC/USD
2021-10-13,56005.1,57367.32,57771.33,54236.09,14691.01338574,BTC/USD
2021-10-12,57485.97,56005.1,57674.55,53873.78,15457.00896085,BTC/USD
2021-10-11,54683.09,57487.44,57833.23,54411.54,13422.42081815,BTC/USD
2021-10-10,54963.29,54690.53,56545.24,54112.95,9370.1912382,BTC/USD
2021-10-09,53965.18,54962.29,55500.0,53675.0,7123.05512404,BTC/USD
2021-10-08,53805.46,53963.82,56113.0,53634.41,12416.9019906,BTC/USD
2021-10-07,55346.95,53797.82,55356.85,53379.0,15820.83417633,BTC/USD
2021-10-06,51499.77,55339.48,55757.11,50416.01,25869.64925998,BTC/USD
2021-10-05,49244.13,51493.99,51906.23,49057.18,17828.59726658,BTC/USD
2021-10-04,48233.99,49245.54,49505.0,46916.7,13938.64182971,BTC/USD
2021-10-03,47663.74,48233.99,49300.0,47120.11,7989.25925892,BTC/USD
2021-10-02,48165.76,47657.69,48359.33,47451.0,7262.63442143,BTC/USD
2021-10-01,43828.89,48165.76,48500.0,43287.44,20095.33155568,BTC/USD
2021-09-30,41519.11,43824.43,44110.17,41409.67,12835.9838101,BTC/USD
2021-09-29,41030.19,41522.16,42638.99,40750.12,10303.30152312,BTC/USD
2021-09-28,42166.31,41026.07,42780.0,40897.7,10491.81363045,BTC/USD
2021-09-27,43172.17,42171.76,44366.96,42111.0,10094.77099806,BTC/USD
2021-09-26,42705.51,43178.02,43937.0,40803.0,9971.64545213,BTC/USD
2021-09-25,42848.44,42705.51,42998.76,41675.0,7383.32390261,BTC/USD
2021-09-24,44896.55,42848.92,45200.0,40683.29,22451.57711462,BTC/USD
2021-09-23,43575.19,44897.59,45000.0,43096.73,13446.87468684,BTC/USD
2021-09-22,40736.81,43575.1,44035.44,40570.42,19462.53865157,BTC/USD
2021-09-21,43007.69,40719.6,43639.88,39600.0,27275.33818249,BTC/USD
2021-09-20,47253.71,43012.97,47358.92,42500.0,27706.67636162,BTC/USD
2021-09-19,48309.86,47255.92,48379.19,46850.87,7086.34626236,BTC/USD
2021-09-18,47306.87,48314.56,48825.62,47050.0,7491.03449237,BTC/USD
2021-09-17,47753.15,47303.5,48176.64,46752.67,9088.56956453,BTC/USD
2021-09-16,48144.03,47753.16,48499.99,47020.82,11739.27966629,BTC/USD
2021-09-15,47127.81,48148.12,48475.0,46705.0,12139.84206628,BTC/USD
2021-09-14,44953.23,47127.22,47274.92,44679.92,12644.16435358,BTC/USD
2021-09-13,46027.8,44947.72,46900.0,43465.0,15015.30289712,BTC/USD
2021-09-12,45173.66,46024.23,46462.98,44754.31,6499.85821749,BTC/USD
2021-09-11,44850.37,45171.83,45989.94,44730.29,6207.38337004,BTC/USD
2021-09-10,46396.26,44851.45,47040.76,44140.48,14905.54795341,BTC/USD
2021-09-09,46059.94,46400.0,47400.0,45511.82,13594.64633403,BTC/USD
2021-09-08,46894.49,46060.36,47381.47,44423.49,19624.55093117,BTC/USD
2021-09-07,52698.8,46894.5,52944.96,42830.77,29022.815351,BTC/USD
2021-09-06,51789.17,52698.81,52802.03,51020.08,9571.75471136,BTC/USD
2021-09-05,49944.89,51789.17,51907.08,49500.0,7743.93472308,BTC/USD
2021-09-04,50025.0,49942.98,50558.75,49400.0,7595.48816499,BTC/USD
2021-09-03,49279.38,50025.0,51064.44,48349.66,14577.22621879,BTC/USD
2021-09-02,48834.27,49279.37,50392.19,48620.73,14120.3826407,BTC/USD
2021-09-01,47110.33,48839.86,49125.0,46537.62,13010.83839478,BTC/USD
2021-08-31,46996.8,47112.5,48259.68,46708.93,12919.43970212,BTC/USD
2021-08-30,48802.58,46993.71,48906.51,46866.0,12249.23741495,BTC/USD
2021-08-29,48942.89,48802.58,49667.1,47801.0,6935.09511006,BTC/USD
2021-08-28,49081.08,48942.94,49309.83,48370.0,4895.70191319,BTC/USD
2021-08-27,46851.47,49077.57,49185.12,46361.01,8924.12247655,BTC/USD
2021-08-26,48991.57,46851.47,49365.1,46315.48,11651.34373853,BTC/USD
2021-08-25,47682.45,48987.33,49277.0,47122.02,9289.23177109,BTC/USD
2021-08-24,49504.53,47682.45,49875.9,47600.0,12068.33823315,BTC/USD
2021-08-23,49284.38,49506.5,50505.0,49012.84,10824.26838095,BTC/USD
2021-08-22,48870.21,49284.63,49526.13,48102.89,6243.39643384,BTC/USD
2021-08-21,49349.99,48867.02,49821.92,48285.28,9574.83615164,BTC/USD
2021-08-20,46769.02,49342.4,49400.0,46644.95,13184.67048641,BTC/USD
2021-08-19,44709.1,46765.87,47088.08,43955.0,11938.12185013,BTC/USD
2021-08-18,44675.34,44707.98,46035.27,44216.47,10327.49887365,BTC/USD
2021-08-17,45903.22,44671.58,47174.62,44405.39,12756.14777945,BTC/USD
2021-08-16,47014.38,45902.46,48076.52,45676.91,10467.66031475,BTC/USD
2021-08-15,47109.64,47014.49,47400.0,45525.19,7745.70200802,BTC/USD
2021-08-14,47833.64,47109.65,48176.52,46034.93,8130.36769388,BTC/USD
2021-08-13,44422.15,47833.64,47953.9,44249.64,11794.94196257,BTC/USD
2021-08-12,45553.1,44422.14,46223.95,43714.36,13169.78176994,BTC/USD
2021-08-11,45601.82,45553.49,46781.09,45350.74,11628.32043954,BTC/USD
2021-08-10,46280.0,45595.66,46718.44,44650.27,13756.50066875,BTC/USD
2021-08-09,43829.15,46285.48,46497.42,42821.3,19464.72493503,BTC/USD
2021-08-08,44628.11,43829.14,45363.83,43131.97,18712.27158173,BTC/USD
2021-08-07,42869.59,44637.34,44750.0,42457.27,19634.79475606,BTC/USD
2021-08-06,40888.73,42869.58,43399.26,39876.74,20425.1145444,BTC/USD
2021-08-05,39718.9,40888.74,41447.89,37300.0,28507.85532682,BTC/USD
2021-08-04,38189.4,39722.41,39965.1,37509.0,15327.67624669,BTC/USD
2021-08-03,39149.59,38191.44,39785.3,37627.21,15094.81739624,BTC/USD
2021-08-02,39859.18,39149.59,40459.68,38690.0,12379.41216528,BTC/USD
2021-08-01,41499.0,39865.41,42605.64,39426.0,10617.67293456,BTC/USD
2021-07-31,42233.66,41495.01,42414.61,41064.11,9351.94288576,BTC/USD
2021-07-30,40039.44,42237.95,42320.57,38342.0,15063.2344059,BTC/USD
2021-07-29,40035.1,40039.44,40644.85,39229.47,11022.42512817,BTC/USD
2021-07-28,39475.99,40035.1,40925.56,38803.34,27198.33358111,BTC/USD
2021-07-27,37262.76,39470.48,39550.0,36413.26,24709.10440908,BTC/USD
2021-07-26,35428.25,37262.77,40593.93,35251.54,40354.54555841,BTC/USD
2021-07-25,34291.67,35428.26,35451.04,33888.89,9434.63002297,BTC/USD
2021-07-24,33647.27,34283.01,34525.0,33424.7,9864.75243703,BTC/USD
2021-07-23,32287.75,33647.26,33647.27,32000.0,9004.84262627,BTC/USD
2021-07-22,32152.68,32287.74,32611.84,31729.68,7704.6404628,BTC/USD
2021-07-21,29796.15,32135.19,32825.0,29501.02,15598.47830878,BTC/USD
2021-07-20,30842.04,29796.16,31052.65,29301.56,18114.15286104,BTC/USD
2021-07-19,31786.37,30842.03,31887.82,30429.99,11027.00528966,BTC/USD
2021-07-18,31533.9,31788.25,32450.0,31125.6,5006.4831051,BTC/USD
2021-07-17,31389.57,31533.91,31949.99,31179.01,5695.57411588,BTC/USD
2021-07-16,31872.49,31388.06,32259.16,31025.42,10006.47793721,BTC/USD
2021-07-15,32815.75,31868.68,33187.6,31064.77,11273.61174025,BTC/USD
2021-07-14,32734.14,32816.39,33125.55,31600.0,10355.3186961,BTC/USD
2021-07-13,33077.43,32734.14,33337.61,32201.12,9478.04218884,BTC/USD
2021-07-12,34259.22,33091.1,34670.0,32665.0,10145.24046995,BTC/USD
2021-07-11,33515.35,34259.23,34607.37,33333.33,7023.06500489,BTC/USD
2021-07-10,33824.25,33515.35,34267.14,33027.83,4906.24582215,BTC/USD
2021-07-09,32875.95,33824.26,34100.0,32255.24,8320.90649257,BTC/USD
2021-07-08,33879.5,32875.95,33934.62,32111.0,14147.3525248,BTC/USD
2021-07-07,34225.72,33878.56,35077.46,33770.01,9404.8979867,BTC/USD
2021-07-06,33697.78,34225.73,35100.0,33300.0,10313.01368118,BTC/USD
2021-07-05,35284.06,33697.78,35290.82,33156.86,9607.60619891,BTC/USD
2021-07-04,34685.03,35284.05,35951.0,34390.53,6224.03057033,BTC/USD
2021-07-03,33805.01,34682.16,34953.07,33320.0,6197.80112922,BTC/USD
2021-07-02,33510.93,33805.02,33972.06,32704.73,11765.65389836,BTC/USD
2021-07-01,35060.0,33516.11,35066.54,32703.48,13210.9509733,BTC/USD
2021-06-30,35906.17,35060.0,36094.42,34033.0,16700.72309396,BTC/USD
2021-06-29,34493.22,35904.28,36675.0,34233.35,17917.59826258,BTC/USD
2021-06-28,34708.53,34493.22,35301.43,33864.99,14920.2647883,BTC/USD
2021-06-27,32267.59,34709.23,34749.0,32002.21,14428.92978925,BTC/USD
2021-06-26,31594.62,32275.19,32711.68,30173.49,18299.38702942,BTC/USD
2021-06-25,34654.87,31594.63,35500.0,31300.0,26505.19266978,BTC/USD
2021-06-24,33688.51,34654.58,35295.67,32300.0,16868.94084747,BTC/USD
2021-06-23,32538.9,33688.35,34881.02,31708.03,23124.81248294,BTC/USD
2021-06-22,31609.82,32538.37,33352.0,28800.0,48409.17333487,BTC/USD
2021-06-21,35585.79,31609.82,35741.54,31259.0,41304.39903519,BTC/USD
2021-06-20,35484.8,35585.78,36139.73,33347.05,19400.07454207,BTC/USD
2021-06-19,35840.96,35484.79,36457.18,34833.26,16801.08670642,BTC/USD
2021-06-18,38103.94,35841.81,38216.22,35153.16,23472.37724375,BTC/USD
2021-06-17,38351.0,38095.17,39554.98,37365.63,15970.35031651,BTC/USD
2021-06-16,40158.06,38351.0,40499.0,38105.0,17238.57541183,BTC/USD
2021-06-15,40537.93,40162.37,41322.55,39510.98,17020.70299457,BTC/USD
2021-06-14,39015.24,40539.47,41076.03,38744.83,21916.84415956,BTC/USD
2021-06-13,35557.32,39015.24,39396.0,34780.57,15748.96203951,BTC/USD
2021-06-12,37340.08,35557.33,37448.0,34635.47,14516.54556279,BTC/USD
2021-06-11,36694.91,37338.44,37695.0,35944.0,14142.19349961,BTC/USD
2021-06-10,37404.75,36694.05,38425.67,35800.0,19853.81418911,BTC/USD
2021-06-09,33402.13,37403.86,37573.99,32408.53,26040.89793254,BTC/USD
2021-06-08,33567.26,33402.13,34069.0,31004.95,34937.55754915,BTC/USD
2021-06-07,35800.48,33575.91,36812.39,33333.0,18997.71626987,BTC/USD
2021-06-06,35539.97,35800.48,36477.86,35258.0,8184.50324318,BTC/USD
2021-06-05,36856.53,35539.49,37921.35,34832.17,13654.69033381,BTC/USD
2021-06-04,39248.54,36856.52,39291.24,35593.22,17917.63251152,BTC/USD
2021-06-03,37581.83,39248.55,39489.82,37184.88,14325.7560692,BTC/USD
2021-06-02,36684.99,37577.91,38237.37,35920.0,13952.35891376,BTC/USD
2021-06-01,37276.23,36685.0,37918.97,35669.14,15713.10281689,BTC/USD
2021-05-31,35669.44,37279.31,37534.09,34183.0,19527.11600162,BTC/USD
2021-05-30,34627.81,35669.44,36500.0,33333.0,16038.94658082,BTC/USD
2021-05-29,35680.48,34627.82,37325.0,33650.86,27999.15073256,BTC/USD
2021-05-28,38556.88,35680.47,38900.0,34688.0,36231.72333985,BTC/USD
2021-05-27,39293.23,38556.88,40440.95,37191.99,19390.89447264,BTC/USD
2021-05-26,38361.81,39293.23,40900.0,37837.36,25107.68631485,BTC/USD
2021-05-25,38874.53,38361.81,39878.51,36481.26,26107.55687287,BTC/USD
2021-05-24,34758.88,38878.56,39966.87,34407.17,44419.45827713,BTC/USD
2021-05-23,37476.84,34758.67,38319.36,31111.0,53433.30296532,BTC/USD
2021-05-22,37333.09,37476.83,38889.76,35257.52,29239.02738254,BTC/USD
2021-05-21,40623.24,37340.77,42275.99,33501.54,55961.90006046,BTC/USD
2021-05-20,36735.44,40623.33,42605.0,35000.0,51445.79735691,BTC/USD
2021-05-19,42865.05,36731.75,43591.7,30000.0,109537.24233282,BTC/USD
2021-05-18,43571.89,42857.15,45851.0,42300.0,28210.30024018,BTC/USD
2021-05-17,46450.78,43580.5,46646.15,42101.0,43660.22208427,BTC/USD
2021-05-16,46771.01,46450.79,49808.28,43825.0,30655.33064729,BTC/USD
2021-05-15,49893.48,46775.51,50730.58,46573.0,21936.11454712,BTC/USD
2021-05-14,49682.28,49893.48,51569.56,48895.0,21987.79362448,BTC/USD
2021-05-13,49498.76,49690.11,52500.0,46000.0,42250.08740789,BTC/USD
2021-05-12,56753.19,49498.77,58041.0,48500.0,29660.84273553,BTC/USD
2021-05-11,55866.38,56753.19,56962.07,54511.48,15446.63591676,BTC/USD
2021-05-10,58313.84,55866.41,59592.2,53600.0,24647.23540718,BTC/USD
2021-05-09,58958.06,58312.57,59300.52,56265.3,17169.72318523,BTC/USD
2021-05-08,57380.39,58958.05,59559.84,56980.01,15374.94442964,BTC/USD
2021-05-07,56444.82,57380.39,58735.95,55300.0,18323.8958022,BTC/USD
2021-05-06,57515.69,56440.66,58400.0,55288.0,18244.13605211,BTC/USD
2021-05-05,53241.91,57515.69,57980.86,52913.02,22918.90458572,BTC/USD
2021-05-04,57212.73,53241.92,57247.24,53057.7,23492.0586849,BTC/USD
2021-05-03,56625.21,57212.73,58986.0,56500.0,15165.00648795,BTC/USD
2021-05-02,57859.28,56625.2,57972.26,56072.0,7647.62578087,BTC/USD
2021-05-01,57798.77,57859.28,58550.0,57050.94,10787.04933216,BTC/USD
2021-04-30,53580.0,57798.77,58075.01,53068.43,16536.33288912,BTC/USD
2021-04-29,54889.81,53580.0,55226.86,52369.61,14592.31688772,BTC/USD
2021-04-28,55069.61,54894.03,56476.17,53887.0,16484.33677655,BTC/USD
2021-04-27,54047.8,55069.62,55509.39,53321.0,13957.08649512,BTC/USD
2021-04-26,49121.0,54053.6,54400.0,48817.62,18005.22399425,BTC/USD
2021-04-25,50101.42,49121.0,50591.38,47044.01,14633.51206544,BTC/USD
2021-04-24,51187.75,50089.15,51260.61,48726.87,11839.14355893,BTC/USD
2021-04-23,51695.98,51187.27,52130.58,47464.65,38794.85818376,BTC/USD
2021-04-22,53795.62,51701.59,55469.98,50400.0,30427.89153907,BTC/USD
2021-04-21,56477.67,53800.86,56810.56,53620.91,15584.08398293,BTC/USD
2021-04-20,55696.83,56499.29,57111.0,53430.01,18608.27983583,BTC/USD
2021-04-19,56273.65,55696.83,57600.0,54187.85,16838.39171629,BTC/USD
2021-04-18,60067.2,56274.41,60437.97,51300.0,36891.70959047,BTC/USD
2021-04-17,61427.27,60058.86,62572.48,59700.0,10847.76785762,BTC/USD
2021-04-16,63229.04,61427.27,63604.34,60048.43,19867.41322269,BTC/USD
2021-04-15,62971.8,63229.04,63831.82,62036.73,11209.4505281,BTC/USD
2021-04-14,63588.22,62971.8,64899.0,61277.91,22570.84113444,BTC/USD
2021-04-13,59836.88,63588.22,63774.39,59799.01,17897.76603088,BTC/USD
2021-04-12,59983.66,59839.82,61199.0,59369.0,11467.72752999,BTC/USD
2021-04-11,59778.59,59985.26,60658.89,59177.06,7278.96516665,BTC/USD
2021-04-10,58092.68,59778.6,61218.97,57875.41,12817.81106734,BTC/USD
2021-04-09,58083.1,58092.68,58869.69,57670.51,8094.74629652,BTC/USD
2021-04-08,55962.67,58083.1,58152.0,55700.0,8073.59731731,BTC/USD
2021-04-07,58021.67,55955.75,58630.0,55400.0,17787.29445084,BTC/USD
2021-04-06,59134.07,58019.98,59475.0,57333.33,10354.33014603,BTC/USD
2021-04-05,58216.73,59123.02,59251.76,56817.64,9204.86323941,BTC/USD
2021-04-04,57094.34,58215.94,58500.0,56478.53,6301.43187883,BTC/USD
2021-04-03,58981.04,57094.34,59752.0,56943.0,8405.26400491,BTC/USD
2021-04-02,58726.47,58981.04,60055.02,58441.88,10966.93017846,BTC/USD
2021-04-01,58800.01,58726.48,59474.94,57930.0,11096.33004907,BTC/USD
2021-03-31,58786.46,58800.0,59800.0,56873.8,17376.62672814,BTC/USD
2021-03-30,57613.76,58786.46,59397.48,57000.0,15105.07669026,BTC/USD
2021-03-29,55781.22,57613.48,58400.0,54900.0,17552.36885101,BTC/USD
2021-03-28,55856.54,55778.82,56587.08,54701.0,9235.80302347,BTC/USD
2021-03-27,55080.9,55856.53,56640.0,53966.0,11333.33349523,BTC/USD
2021-03-26,51320.76,55072.44,55125.13,51250.0,17843.00738205,BTC/USD
2021-03-25,52259.69,51325.01,53238.0,50305.0,29642.04415588,BTC/USD
2021-03-24,54333.27,52276.16,57209.97,51673.82,23775.21362623,BTC/USD
2021-03-23,54111.49,54345.54,55858.0,53000.0,19221.75674,BTC/USD
2021-03-22,57377.29,54110.07,58421.68,53739.5,19512.15647151,BTC/USD
2021-03-21,58126.34,57363.32,58651.22,55543.89,11841.63877891,BTC/USD
2021-03-20,58026.91,58116.7,59928.0,57827.97,9725.28123717,BTC/USD
2021-03-19,57644.95,58039.66,59461.99,56260.0,16429.629743,BTC/USD
2021-03-18,58925.54,57644.95,60100.0,56996.15,21459.4962399,BTC/USD
2021-03-17,56924.26,58925.54,58996.38,54138.01,22687.57433043,BTC/USD
2021-03-16,55629.08,56927.11,56970.0,53221.0,24432.37878722,BTC/USD
2021-03-15,58972.71,55636.15,60601.07,54568.0,31651.39184131,BTC/USD
2021-03-14,61181.38,58972.7,61680.0,58950.0,13581.96759058,BTC/USD
2021-03-13,57220.84,61178.5,61788.45,56083.74,22301.28588901,BTC/USD
2021-03-12,57820.15,57225.91,58065.92,55050.0,21760.53824103,BTC/USD
2021-03-11,55888.7,57815.47,58113.0,54283.0,24369.21216789,BTC/USD
2021-03-10,54921.61,55890.69,57402.14,53025.0,28326.07770941,BTC/USD
2021-03-09,52413.17,54916.38,54936.0,51845.01,21177.14953983,BTC/USD
2021-03-08,50976.22,52415.23,52425.0,49328.62,18856.28684439,BTC/USD
2021-03-07,48909.84,50978.61,51459.0,48909.83,13965.15473114,BTC/USD
2021-03-06,48766.01,48909.84,49210.0,47077.0,11877.83755909,BTC/USD
2021-03-05,48370.97,48769.47,49473.99,46219.32,25468.18029576,BTC/USD
2021-03-04,50370.33,48368.52,51798.33,47502.0,23386.97957577,BTC/USD
2021-03-03,48502.18,50360.0,52666.0,48161.75,21301.47723933,BTC/USD
2021-03-02,49635.3,48511.6,50250.0,47075.11,17063.56302004,BTC/USD
2021-03-01,45231.74,49639.4,49829.0,45042.13,25068.25043716,BTC/USD
2021-02-28,46169.92,45231.75,46656.0,43016.0,22745.60600179,BTC/USD
2021-02-27,46319.79,46180.75,48356.86,45055.0,16290.28071728,BTC/USD
2021-02-26,47063.9,46326.2,48464.64,44150.0,36048.6181927,BTC/USD
2021-02-25,49737.81,47058.48,52107.83,46700.0,28011.20414657,BTC/USD
2021-02-24,48899.99,49737.82,51415.41,47002.0,30732.14949499,BTC/USD
2021-02-23,54125.67,48899.99,54206.22,44888.08,72300.585728,BTC/USD
2021-02-22,57489.16,54142.13,57577.69,46616.0,49449.16575779,BTC/USD
2021-02-21,55921.44,57489.16,58367.0,55531.23,13530.43444443,BTC/USD
2021-02-20,55983.57,55923.52,57563.57,54000.1,22137.82194494,BTC/USD
2021-02-19,51596.0,55983.56,56370.05,50725.0,27961.48197104,BTC/USD
2021-02-18,52170.01,51601.73,52549.99,50875.0,15689.40275173,BTC/USD
2021-02-17,49141.43,52170.01,52640.35,48942.87,25675.171441,BTC/USD
2021-02-16,47935.66,49158.71,50645.0,47051.22,23053.20561135,BTC/USD
2021-02-15,48667.23,47936.37,49093.44,45768.46,19432.15278111,BTC/USD
2021-02-14,47240.75,48680.69,49700.0,47100.13,15146.55244091,BTC/USD
2021-02-13,47408.34,47232.45,48199.0,46300.0,12020.8773325,BTC/USD
2021-02-12,47993.6,47408.34,48912.0,46300.0,23503.15583529,BTC/USD
2021-02-11,44850.0,47997.91,48690.0,44011.0,26222.60477552,BTC/USD
2021-02-10,46514.73,44850.0,47349.99,43706.86,25818.01157857,BTC/USD
2021-02-09,46453.66,46514.73,48200.0,45020.0,36418.79365116,BTC/USD
2021-02-08,38871.43,46448.1,46750.0,38057.01,47934.0103883,BTC/USD
2021-02-07,39266.1,38871.42,39737.83,37371.35,20297.87256102,BTC/USD
2021-12-03,4514.54,4521.31,4662.75,4473.59,74612.80397656,ETH/USD
2021-12-02,4586.87,4514.59,4637.39,4435.0,171913.60834148,ETH/USD
2021-12-01,4636.43,4586.95,4784.5,4526.94,241301.695591,ETH/USD
2021-11-30,4449.42,4634.95,4759.0,4350.91,312105.05293146,ETH/USD
2021-11-29,4298.38,4449.42,4466.0,4282.07,170935.20731881,ETH/USD
2021-11-28,4098.53,4298.38,4303.35,3950.0,124752.71262005,ETH/USD
2021-11-27,4043.62,4098.31,4186.97,4031.56,93299.56271946,ETH/USD
2021-11-26,4527.03,4043.67,4555.53,3915.0,324817.57682312,ETH/USD
2021-11-25,4270.93,4525.87,4555.11,4250.0,132338.28173546,ETH/USD
2021-11-24,4341.58,4270.74,4359.88,4168.99,120268.67729032,ETH/USD
2021-11-23,4089.17,4341.62,4389.95,4062.28,159935.23797902,ETH/USD
2021-11-22,4263.04,4089.16,4322.86,4024.45,174572.98932477,ETH/USD
2021-11-21,4416.36,4262.99,4427.72,4246.07,83775.31676078,ETH/USD
2021-11-20,4299.55,4416.69,4438.96,4206.03,96882.12097892,ETH/USD
2021-11-19,3998.57,4299.55,4314.82,3975.24,191232.56135587,ETH/USD
2021-11-18,4289.4,3997.93,4346.42,3960.0,291477.64786245,ETH/USD
2021-11-17,4209.89,4289.4,4300.01,4068.24,197969.47328462,ETH/USD
2021-11-16,4564.34,4209.5,4564.98,4108.0,309826.45957038,ETH/USD
2021-11-15,4626.61,4565.06,4770.0,4541.0,121693.76091856,ETH/USD
2021-11-14,4644.43,4627.03,4695.07,4516.05,96933.07064437,ETH/USD
2021-11-13,4667.79,4644.44,4708.6,4586.8,76568.33646209,ETH/USD
2021-11-12,4721.07,4667.34,4809.27,4508.42,160383.45748095,ETH/USD
2021-11-11,4632.23,4721.87,4783.05,4578.05,112248.30258781,ETH/USD
2021-11-10,4731.58,4632.22,4867.81,4460.0,249949.62441734,ETH/USD
2021-11-09,4811.89,4731.59,4842.54,4697.9,154525.60456333,ETH/USD
2021-11-08,4617.27,4811.9,4825.0,4616.5,163884.29350308,ETH/USD
2021-11-07,4523.73,4617.02,4639.8,4506.99,85312.85613745,ETH/USD
2021-11-06,4479.47,4523.16,4534.43,4329.21,107961.55343832,ETH/USD
2021-11-05,4537.14,4479.47,4574.0,4446.01,142403.14739608,ETH/USD
2021-11-04,4606.07,4537.15,4610.24,4423.01,182872.96131449,ETH/USD
2021-11-03,4594.27,4606.07,4671.0,4456.0,213935.75674438,ETH/USD
2021-11-02,4322.89,4595.01,4604.99,4287.32,217839.79309642,ETH/USD
2021-11-01,4290.31,4322.89,4385.16,4151.0,165298.66872401,ETH/USD
2021-10-31,4325.55,4290.16,4395.99,4168.1,148206.08981334,ETH/USD
2021-10-30,4421.23,4324.67,4435.0,4236.99,123410.59442713,ETH/USD
2021-10-29,4288.25,4421.23,4461.96,4266.91,257148.94601167,ETH/USD
2021-10-28,3925.26,4288.26,4299.0,3889.05,257149.82955488,ETH/USD
2021-10-27,4132.19,3923.94,4314.63,3911.0,279555.38152718,ETH/USD
2021-10-26,4221.16,4131.47,4297.0,4091.31,169619.87486465,ETH/USD
2021-10-25,4082.09,4220.93,4236.27,4069.22,145753.84102089,ETH/USD
2021-10-24,4168.53,4082.64,4188.42,3962.05,126731.47064484,ETH/USD
2021-10-23,3971.89,4168.56,4172.04,3935.92,109253.57167984,ETH/USD
2021-10-22,4053.97,3971.55,4169.72,3885.25,187484.20093549,ETH/USD
2021-10-21,4161.83,4053.9,4374.95,4010.22,286201.83773073,ETH/USD
2021-10-20,3878.35,4161.94,4169.0,3829.59,235728.75520251,ETH/USD
2021-10-19,3745.13,3878.17,3890.36,3700.0,154012.15326702,ETH/USD
2021-10-18,3847.38,3745.48,3894.7,3676.35,187448.53280815,ETH/USD
2021-10-17,3829.7,3847.18,3919.0,3643.0,134515.91092357,ETH/USD
2021-10-16,3869.73,3829.66,3968.49,3802.0,130674.36831436,ETH/USD
2021-10-15,3791.06,3869.73,3900.0,3734.44,204682.20802319,ETH/USD
2021-10-14,3608.43,3791.66,3828.84,3588.55,216569.69208772,ETH/USD
2021-10-13,3490.17,3608.21,3614.48,3412.45,158955.26821205,ETH/USD
2021-10-12,3542.2,3490.61,3549.0,3403.51,176617.45185163,ETH/USD
2021-10-11,3414.75,3542.37,3625.0,3373.45,142525.70987846,ETH/USD
2021-10-10,3575.2,3415.0,3605.49,3406.44,112835.1020128,ETH/USD
2021-10-09,3563.96,3575.83,3634.13,3538.61,88782.58533301,ETH/USD
2021-10-08,3588.83,3563.96,3670.0,3535.0,146564.44707403,ETH/USD
2021-10-07,3576.45,3588.51,3655.02,3471.52,195554.94828114,ETH/USD
2021-10-06,3517.26,3575.85,3632.44,3342.16,219116.78797009,ETH/USD
2021-10-05,3386.9,3515.3,3547.88,3365.34,163084.66881477,ETH/USD
2021-10-04,3419.63,3387.2,3438.91,3269.67,163829.62677831,ETH/USD
2021-10-03,3388.67,3420.07,3489.18,3343.36,124271.04864619,ETH/USD
2021-10-02,3311.2,3387.82,3469.95,3258.94,144778.38450029,ETH/USD
2021-10-01,3001.14,3311.16,3337.15,2967.41,201035.51345113,ETH/USD
2021-09-30,2849.71,3000.46,3048.58,2836.21,169873.45079422,ETH/USD
2021-09-29,2805.64,2850.14,2950.6,2781.99,177979.48195163,ETH/USD
2021-09-28,2926.27,2805.65,2971.16,2782.6,186331.02775653,ETH/USD
2021-09-27,3059.92,2925.27,3168.03,2925.0,172472.29785812,ETH/USD
2021-09-26,2923.91,3060.71,3117.48,2741.34,168746.48142334,ETH/USD
2021-09-25,2930.59,2924.01,2968.85,2800.01,145561.52444175,ETH/USD
2021-09-24,3154.42,2930.61,3160.48,2735.0,365024.83204626,ETH/USD
2021-09-23,3078.42,3154.62,3182.34,3035.83,166485.49300907,ETH/USD
2021-09-22,2765.33,3078.43,3090.83,2738.24,271497.54590784,ETH/USD
2021-09-21,2976.36,2765.69,3104.82,2651.0,441567.8736938,ETH/USD
2021-09-20,3328.7,2976.48,3346.58,2911.81,434236.7826118,ETH/USD
2021-09-19,3436.59,3328.59,3457.22,3278.0,93362.31450909,ETH/USD
2021-09-18,3400.0,3436.31,3543.0,3369.53,129386.37129349,ETH/USD
2021-09-17,3568.77,3400.0,3595.0,3350.06,164813.94731616,ETH/USD
2021-09-16,3615.68,3568.66,3675.92,3482.97,193709.08937556,ETH/USD
2021-09-15,3436.29,3615.65,3621.15,3359.96,157550.50123984,ETH/USD
2021-09-14,3285.66,3436.29,3439.15,3270.74,152957.54148077,ETH/USD
2021-09-13,3403.81,3286.2,3430.0,3111.14,215497.91819641,ETH/USD
2021-09-12,3266.97,3403.75,3472.99,3231.75,133979.51978513,ETH/USD
2021-09-11,3209.29,3266.77,3349.43,3199.88,133373.86127026,ETH/USD
2021-09-10,3424.32,3209.82,3514.37,3142.67,271075.68986114,ETH/USD
2021-09-09,3499.54,3424.95,3568.59,3393.17,244244.24892658,ETH/USD
2021-09-08,3436.75,3500.34,3562.98,3216.0,352658.69072643,ETH/USD
2021-09-07,3928.72,3436.96,3948.0,3009.0,482489.77503547,ETH/USD
2021-09-06,3951.68,3928.89,3973.27,3868.0,111675.62991707,ETH/USD
2021-09-05,3887.58,3952.17,3982.64,3835.7,101339.56157838,ETH/USD
2021-09-04,3940.06,3887.53,3970.0,3834.57,130047.41569531,ETH/USD
2021-09-03,3788.2,3940.06,4030.35,3710.59,284766.1603865,ETH/USD
2021-09-02,3829.29,3787.97,3838.28,3722.65,206168.93909873,ETH/USD
2021-09-01,3430.0,3829.39,3843.12,3384.24,306568.70086335,ETH/USD
2021-08-31,3229.02,3430.23,3486.8,3190.56,320212.11999266,ETH/USD
2021-08-30,3226.45,3229.01,3349.0,3145.45,219625.56218696,ETH/USD
2021-08-29,3247.99,3226.46,3287.73,3153.75,89119.39624772,ETH/USD
2021-08-28,3275.32,3247.99,3290.51,3212.01,72183.42536015,ETH/USD
2021-08-27,3092.71,3274.67,3283.26,3050.0,168913.62309989,ETH/USD
2021-08-26,3228.51,3093.2,3251.05,3056.0,140286.63490594,ETH/USD
2021-08-25,3170.94,3228.51,3249.0,3079.92,138830.69124351,ETH/USD
2021-08-24,3322.76,3171.52,3360.0,3133.45,162665.07930976,ETH/USD
2021-08-23,3241.41,3323.12,3378.6,3233.19,170976.09020067,ETH/USD
2021-08-22,3226.38,3241.42,3275.0,3128.82,98417.87656735,ETH/USD
2021-08-21,3286.82,3226.73,3311.0,3206.96,108432.72740463,ETH/USD
2021-08-20,3184.32,3286.58,3300.0,3178.65,173202.49961989,ETH/USD
2021-08-19,3014.38,3184.21,3187.48,2960.0,161902.28879318,ETH/USD
2021-08-18,3011.77,3014.38,3126.51,2951.0,193245.63285215,ETH/USD
2021-08-17,3146.6,3011.01,3293.15,2992.15,246541.89921532,ETH/USD
2021-08-16,3311.02,3146.6,3341.47,3135.0,177756.89052157,ETH/USD
2021-08-15,3266.52,3310.93,3323.54,3112.96,162311.47927523,ETH/USD
2021-08-14,3324.51,3266.52,3333.0,3206.96,118892.50906903,ETH/USD
2021-08-13,3047.21,3324.51,3330.0,3034.52,190905.3520745,ETH/USD
2021-08-12,3162.16,3047.21,3239.69,2980.0,243214.90148817,ETH/USD
2021-08-11,3142.18,3162.61,3275.0,3122.22,194586.91786387,ETH/USD
2021-08-10,3162.33,3142.09,3235.1,3051.0,223500.03188943,ETH/USD
2021-08-09,3014.12,3162.34,3190.0,2892.5,315853.32665056,ETH/USD
2021-08-08,3163.09,3014.13,3191.99,2948.76,244654.45876056,ETH/USD
2021-08-07,2892.83,3163.09,3173.72,2866.58,299359.36243726,ETH/USD
2021-08-06,2829.49,2892.98,2949.21,2721.0,283374.42059615,ETH/USD
2021-08-05,2724.71,2829.35,2845.0,2530.69,326176.98753449,ETH/USD
2021-08-04,2508.16,2724.71,2771.42,2455.94,250129.62895073,ETH/USD
2021-08-03,2608.12,2508.31,2633.0,2445.58,237814.06443089,ETH/USD
2021-08-02,2555.99,2608.12,2666.36,2503.7,234264.49105555,ETH/USD
2021-08-01,2533.54,2555.43,2699.0,2511.5,260742.0604239,ETH/USD
2021-07-31,2463.88,2533.74,2555.0,2422.31,134549.11974341,ETH/USD
2021-07-30,2383.47,2463.9,2474.82,2317.51,222140.744211,ETH/USD
2021-07-29,2300.76,2383.32,2399.99,2267.78,172925.7166805,ETH/USD
2021-07-28,2300.28,2300.42,2347.88,2245.1,205833.21106135,ETH/USD
2021-07-27,2228.71,2300.59,2321.0,2152.0,253782.97390467,ETH/USD
2021-07-26,2192.38,2228.26,2437.99,2172.99,427763.06726806,ETH/USD
2021-07-25,2186.76,2193.03,2197.05,2108.08,129013.98912781,ETH/USD
2021-07-24,2125.82,2185.95,2200.0,2107.13,151102.52474975,ETH/USD
2021-07-23,2024.75,2125.81,2131.51,1995.0,177278.18951605,ETH/USD
2021-07-22,1996.21,2024.75,2046.74,1948.68,196355.49626351,ETH/USD
2021-07-21,1786.51,1996.18,2033.16,1754.27,263702.46075895,ETH/USD
2021-07-20,1818.45,1786.46,1840.79,1718.41,278984.79921803,ETH/USD
2021-07-19,1891.46,1818.44,1918.65,1805.47,191611.5191467,ETH/USD
2021-07-18,1899.75,1891.46,1994.4,1878.67,124679.10845278,ETH/USD
2021-07-17,1877.22,1899.75,1919.0,1847.0,113724.29716977,ETH/USD
2021-07-16,1918.99,1877.22,1965.35,1850.15,184221.68200937,ETH/USD
2021-07-15,1994.12,1918.07,2039.99,1880.0,229477.74435019,ETH/USD
2021-07-14,1940.34,1994.11,2019.9,1865.5,195351.53451543,ETH/USD
2021-07-13,2030.74,1940.76,2047.72,1917.4,217891.77262081,ETH/USD
2021-07-12,2141.45,2030.72,2169.0,2002.0,174561.37955667,ETH/USD
2021-07-11,2110.56,2140.82,2173.37,2081.51,89340.97126887,ETH/USD
2021-07-10,2147.38,2110.55,2192.98,2075.0,116594.48589325,ETH/USD
2021-07-09,2116.3,2147.38,2189.28,2050.0,190883.32617917,ETH/USD
2021-07-08,2317.64,2116.95,2325.46,2084.0,223830.00371273,ETH/USD
2021-07-07,2322.2,2316.82,2411.19,2294.16,159702.0440841,ETH/USD
2021-07-06,2197.34,2321.84,2350.0,2195.02,165693.46720418,ETH/USD
2021-07-05,2323.27,2197.34,2324.44,2160.0,156103.9362224,ETH/USD
2021-07-04,2227.46,2323.15,2389.22,2190.56,126325.73621254,ETH/USD
2021-07-03,2156.0,2226.95,2239.69,2113.18,98666.79185779,ETH/USD
2021-07-02,2107.75,2156.0,2159.43,2017.07,192127.19122379,ETH/USD
2021-07-01,2276.74,2107.01,2277.44,2072.06,240720.57482006,ETH/USD
2021-06-30,2165.64,2276.72,2288.0,2089.16,254873.14574192,ETH/USD
2021-06-29,2083.99,2166.18,2247.03,2074.53,215702.68781407,ETH/USD
2021-06-28,1984.84,2083.79,2143.67,1957.24,278261.98240028,ETH/USD
2021-06-27,1829.0,1984.71,1988.62,1807.89,177413.91064922,ETH/USD
2021-06-26,1809.07,1829.17,1851.97,1717.41,238207.16665611,ETH/USD
2021-06-25,1988.81,1809.07,2019.39,1792.0,370739.74744615,ETH/USD
2021-06-24,1968.36,1988.81,2035.39,1884.77,208623.5990145,ETH/USD
2021-06-23,1881.24,1968.37,2045.0,1823.97,287217.09052056,ETH/USD
2021-06-22,1885.49,1881.65,1996.67,1700.0,620163.37396399,ETH/USD
2021-06-21,2242.89,1885.67,2259.1,1864.5,598655.07269099,ETH/USD
2021-06-20,2165.13,2242.9,2275.78,2042.5,231871.91509491,ETH/USD
2021-06-19,2234.8,2164.72,2279.0,2162.72,162828.91242019,ETH/USD
2021-06-18,2373.33,2234.47,2377.8,2125.12,273328.22658507,ETH/USD
2021-06-17,2368.24,2373.33,2459.53,2306.35,153637.62400874,ETH/USD
2021-06-16,2543.57,2367.73,2555.0,2351.01,178257.28803783,ETH/USD
2021-06-15,2582.45,2543.58,2640.0,2506.23,168529.3479128,ETH/USD
2021-06-14,2510.22,2582.86,2609.02,2461.63,169626.35302782,ETH/USD
2021-06-13,2371.85,2510.23,2550.0,2309.67,172712.48563163,ETH/USD
2021-06-12,2355.11,2371.49,2452.58,2257.07,177293.96771257,ETH/USD
2021-06-11,2471.59,2355.27,2499.34,2322.16,189880.6813896,ETH/USD
2021-06-10,2611.4,2471.59,2625.0,2428.16,181679.49879048,ETH/USD
2021-06-09,2509.1,2611.27,2628.16,2406.33,291643.03769418,ETH/USD
2021-06-08,2592.47,2509.11,2621.91,2306.52,451505.06172677,ETH/USD
2021-06-07,2710.97,2592.47,2849.15,2575.0,267934.37140931,ETH/USD
2021-06-06,2629.45,2710.97,2745.36,2615.0,122420.16649011,ETH/USD
2021-06-05,2691.13,2629.75,2816.92,2552.18,228143.70836692,ETH/USD
2021-06-04,2856.73,2690.68,2859.85,2554.39,294466.9594428,ETH/USD
2021-06-03,2706.87,2856.68,2890.0,2663.02,254235.89167581,ETH/USD
2021-06-02,2634.46,2706.64,2803.0,2552.28,268753.93459884,ETH/USD
2021-06-01,2707.87,2634.42,2748.0,2527.88,341435.04494495,ETH/USD
2021-05-31,2387.65,2707.12,2720.0,2275.22,400639.23849696,ETH/USD
2021-05-30,2280.78,2387.66,2480.69,2182.2,388966.15183724,ETH/USD
2021-05-29,2413.28,2280.72,2574.86,2207.74,496783.55299687,ETH/USD
2021-05-28,2745.25,2413.81,2762.91,2329.2,657497.5191979,ETH/USD
2021-05-27,2889.43,2745.51,2893.96,2639.32,380707.48775302,ETH/USD
2021-05-26,2707.75,2889.84,2913.68,2647.21,532990.73904717,ETH/USD
2021-05-25,2651.57,2707.56,2768.0,2383.39,725633.89598362,ETH/USD
2021-05-24,2100.07,2651.24,2678.25,2072.15,860939.09041545,ETH/USD
2021-05-23,2296.68,2099.58,2382.0,1728.0,1045012.76021567,ETH/USD
2021-05-22,2434.86,2297.19,2486.29,2156.0,665111.58789821,ETH/USD
2021-05-21,2775.06,2434.86,2950.0,2105.0,936011.86609611,ETH/USD
2021-05-20,2443.91,2775.07,2999.99,2156.0,1050830.69730324,ETH/USD
2021-05-19,3376.98,2443.91,3444.96,1860.0,1664158.9063247,ETH/USD
2021-05-18,3283.32,3375.96,3567.4,3241.06,443596.42566946,ETH/USD
2021-05-17,3584.79,3283.32,3590.0,3101.0,681492.46445778,ETH/USD
2021-05-16,3648.16,3585.62,3878.23,3334.88,496714.18827206,ETH/USD
2021-05-15,4080.51,3649.54,4138.0,3632.0,332664.12210277,ETH/USD
2021-05-14,3719.22,4080.51,4177.77,3695.0,344804.82454669,ETH/USD
2021-05-13,3826.37,3719.23,4055.62,3525.62,812296.19058095,ETH/USD
2021-05-12,4179.77,3826.37,4384.43,3700.0,617506.79293758,ETH/USD
2021-05-11,3949.45,4179.76,4183.25,3760.0,371785.21687275,ETH/USD
2021-05-10,3928.41,3949.45,4213.85,3650.01,591122.82046763,ETH/USD
2021-05-09,3917.26,3928.44,3984.0,3726.29,303199.06513222,ETH/USD
2021-05-08,3484.69,3917.26,3962.44,3455.0,329490.02398979,ETH/USD
2021-05-07,3492.33,3484.7,3595.07,3356.69,305837.39644288,ETH/USD
2021-05-06,3529.96,3492.75,3610.91,3381.11,368967.13672979,ETH/USD
2021-05-05,3239.61,3529.97,3550.0,3201.33,466260.19811275,ETH/USD
2021-05-04,3433.99,3240.01,3534.5,3166.12,713308.42978124,ETH/USD
2021-05-03,2952.21,3433.99,3457.75,2952.08,552087.28112543,ETH/USD
2021-05-02,2948.92,2952.09,2986.0,2855.29,158755.45128689,ETH/USD
2021-05-01,2776.76,2948.92,2955.9,2757.28,219121.32332416,ETH/USD
2021-04-30,2758.92,2776.45,2800.0,2727.0,203784.33868508,ETH/USD
2021-04-29,2751.56,2758.92,2800.0,2672.0,289566.94008224,ETH/USD
2021-04-28,2667.86,2751.59,2762.59,2551.0,388997.91493036,ETH/USD
2021-04-27,2533.99,2667.86,2683.0,2484.56,276539.98979416,ETH/USD
2021-04-26,2322.43,2534.0,2542.04,2306.03,310905.02678021,ETH/USD
2021-04-25,2216.18,2322.16,2358.22,2166.0,253708.11161981,ETH/USD
2021-04-24,2369.8,2216.72,2371.18,2158.36,220990.83137577,ETH/USD
2021-04-23,2399.21,2370.05,2442.29,2040.0,644161.18986279,ETH/USD
2021-04-22,2357.74,2399.99,2646.2,2304.0,584078.8877022,ETH/USD
2021-04-21,2332.18,2357.21,2471.72,2237.02,305022.6790685,ETH/USD
2021-04-20,2163.69,2332.6,2349.5,2054.25,312215.54603767,ETH/USD
2021-04-19,2241.67,2163.82,2282.6,2050.0,269095.50575273,ETH/USD
2021-04-18,2319.11,2241.46,2341.0,2000.0,484164.17039406,ETH/USD
2021-04-17,2426.64,2318.7,2497.84,2305.55,184015.29039346,ETH/USD
2021-04-16,2517.03,2426.64,2548.0,2305.0,305993.48077725,ETH/USD
2021-04-15,2432.16,2517.03,2546.82,2401.25,218658.15563428,ETH/USD
2021-04-14,2300.01,2432.54,2446.91,2283.26,322816.09722215,ETH/USD
2021-04-13,2138.02,2299.92,2317.3,2135.9,230007.9920857,ETH/USD
2021-04-12,2150.54,2138.03,2199.11,2102.55,127578.86243868,ETH/USD
2021-04-11,2133.07,2150.54,2163.18,2112.58,83861.37599123,ETH/USD
2021-04-10,2066.5,2133.08,2195.0,2057.2,172198.2806936,ETH/USD
2021-04-09,2081.29,2066.03,2100.0,2048.41,116343.17660276,ETH/USD
2021-04-08,1964.69,2081.29,2084.54,1949.34,134740.59760903,ETH/USD
2021-04-07,2113.55,1964.23,2128.99,1929.69,297887.0746854,ETH/USD
2021-04-06,2107.45,2113.0,2151.0,2046.08,195664.36827122,ETH/USD
2021-04-05,2076.31,2106.98,2131.27,2003.1,150633.34725495,ETH/USD
2021-04-04,2008.97,2076.36,2093.07,1980.0,117506.19033922,ETH/USD
2021-04-03,2134.38,2009.25,2139.33,2000.0,198152.20897275,ETH/USD
2021-04-02,1968.74,2134.68,2145.0,1948.67,273307.72019019,ETH/USD
2021-04-01,1919.99,1968.38,1982.21,1886.11,206220.44426132,ETH/USD
2021-03-31,1841.03,1920.0,1948.0,1771.94,263472.22513295,ETH/USD
2021-03-30,1815.73,1841.16,1860.0,1785.77,151376.69947985,ETH/USD
2021-03-29,1686.92,1815.73,1841.88,1675.28,203102.37426045,ETH/USD
2021-03-28,1713.96,1686.92,1725.71,1662.0,95999.89882024,ETH/USD
2021-03-27,1699.97,1713.88,1732.85,1666.4,110263.21715736,ETH/USD
2021-03-26,1587.01,1700.1,1700.7,1586.81,175253.6705026,ETH/USD
2021-03-25,1581.97,1587.08,1622.27,1548.69,286235.84724682,ETH/USD
2021-03-24,1668.37,1581.79,1740.91,1545.77,278130.15826272,ETH/USD
2021-03-23,1681.4,1668.09,1723.61,1651.58,212509.86225776,ETH/USD
2021-03-22,1784.11,1681.02,1806.39,1657.17,200417.24791012,ETH/USD
2021-03-21,1806.04,1784.0,1818.86,1748.25,121647.31152544,ETH/USD
2021-03-20,1808.95,1806.47,1869.0,1800.55,111937.33021974,ETH/USD
2021-03-19,1776.4,1809.38,1840.69,1734.29,144695.63348271,ETH/USD
2021-03-18,1824.45,1776.4,1850.0,1758.4,190138.5330396,ETH/USD
2021-03-17,1805.7,1824.74,1841.13,1742.0,192527.7769105,ETH/USD
2021-03-16,1794.08,1806.03,1819.2,1706.25,183635.76254277,ETH/USD
2021-03-15,1848.56,1795.07,1893.75,1734.87,283178.47343009,ETH/USD
2021-03-14,1921.76,1848.9,1931.97,1836.61,153591.2699543,ETH/USD
2021-03-13,1766.76,1921.61,1944.0,1728.3,242511.38585835,ETH/USD
2021-03-12,1826.53,1767.79,1841.96,1721.15,236995.37958528,ETH/USD
2021-03-11,1795.55,1827.04,1847.0,1725.0,210929.2155979,ETH/USD
2021-03-10,1871.93,1795.37,1879.0,1756.29,284059.53415917,ETH/USD
2021-03-09,1834.88,1871.99,1872.26,1800.0,225203.26521323,ETH/USD
2021-03-08,1727.95,1834.58,1843.99,1664.08,310581.14494936,ETH/USD
2021-03-07,1651.75,1728.22,1735.0,1631.07,210732.49738587,ETH/USD
2021-03-06,1528.82,1651.83,1673.02,1512.45,248888.00355718,ETH/USD
2021-03-05,1539.53,1528.82,1551.19,1442.32,324961.01226774,ETH/USD
2021-03-04,1568.4,1539.69,1625.0,1504.06,231528.48274717,ETH/USD
2021-03-03,1488.34,1567.86,1657.91,1476.72,233779.70945241,ETH/USD
2021-03-02,1571.87,1488.34,1605.89,1455.86,240668.58113618,ETH/USD
2021-03-01,1421.8,1571.82,1574.28,1412.61,313413.589566,ETH/USD
2021-02-28,1460.49,1422.02,1469.96,1292.76,460805.82144299,ETH/USD
2021-02-27,1445.09,1460.57,1526.82,1420.0,231399.55692715,ETH/USD
2021-02-26,1482.05,1445.18,1564.11,1400.01,380775.95904184,ETH/USD
2021-02-25,1625.27,1482.62,1672.49,1458.5,335391.64228393,ETH/USD
2021-02-24,1577.84,1625.3,1714.0,1500.28,440088.38004088,ETH/USD
2021-02-23,1778.33,1577.83,1783.22,1356.0,1013355.39743643,ETH/USD
2021-02-22,1935.67,1778.66,1938.95,1507.34,665395.31208108,ETH/USD
2021-02-21,1915.01,1935.57,1976.72,1885.0,159669.07872776,ETH/USD
2021-02-20,1957.9,1915.46,2041.42,1811.25,419107.37348279,ETH/USD
2021-02-19,1939.64,1957.68,1974.98,1890.0,247118.43154671,ETH/USD
2021-02-18,1851.9,1939.64,1950.3,1851.47,279501.81066288,ETH/USD
2021-02-17,1782.14,1852.0,1857.61,1733.87,224624.79625355,ETH/USD
2021-02-16,1780.59,1781.97,1825.0,1725.0,209801.29066471,ETH/USD
2021-02-15,1803.25,1779.62,1836.0,1659.93,320429.97588848,ETH/USD
2021-02-14,1817.85,1803.75,1852.47,1785.07,172443.99258151,ETH/USD
2021-02-13,1844.78,1818.01,1877.88,1766.15,222718.507164,ETH/USD
2021-02-12,1787.33,1845.0,1868.9,1741.29,324522.83669583,ETH/USD
2021-02-11,1742.51,1787.32,1819.0,1704.23,263018.46640028,ETH/USD
2021-02-10,1771.91,1742.93,1839.0,1680.0,368565.10934926,ETH/USD
2021-02-09,1752.98,1772.16,1824.23,1710.01,345860.43376582,ETH/USD
2021-02-08,1615.51,1752.98,1780.0,1565.98,454314.62328634,ETH/USD
2021-02-07,1679.76,1615.32,1695.38,1493.28,416691.917484,ETH/USD
2021-12-03,0.2097,0.2067,0.2122,0.2052,98814388.6,DOGE/USD
2021-12-02,0.2095,0.2097,0.2234,0.2018,379499944.5,DOGE/USD
2021-12-01,0.2149,0.2095,0.2192,0.2059,213217916.4,DOGE/USD
2021-11-30,0.2152,0.2149,0.2282,0.2127,385071109.0,DOGE/USD
2021-11-29,0.2078,0.2151,0.2256,0.2029,418892109.3,DOGE/USD
2021-11-28,0.2053,0.2079,0.208,0.1917,281259355.3,DOGE/USD
2021-11-27,0.2027,0.2054,0.2097,0.2016,181029045.7,DOGE/USD
2021-11-26,0.2219,0.2027,0.2226,0.1922,459822614.6,DOGE/USD
2021-11-25,0.2175,0.2217,0.2297,0.2145,275966869.8,DOGE/USD
2021-11-24,0.2271,0.2175,0.2309,0.2114,246655250.7,DOGE/USD
2021-11-23,0.22,0.2271,0.2371,0.2139,304136170.3,DOGE/USD
2021-11-22,0.2263,0.2199,0.2277,0.2169,204594410.0,DOGE/USD
2021-11-21,0.2335,0.2262,0.2338,0.2258,117915486.3,DOGE/USD
2021-11-20,0.2336,0.2335,0.2363,0.2257,146720402.2,DOGE/USD
2021-11-19,0.2218,0.2335,0.2377,0.2168,230588192.0,DOGE/USD
2021-11-18,0.2378,0.2219,0.2417,0.2162,366752118.5,DOGE/USD
2021-11-17,0.2371,0.2377,0.2414,0.2302,246023192.2,DOGE/USD
2021-11-16,0.2568,0.2371,0.2568,0.2237,409872429.4,DOGE/USD
2021-11-15,0.263,0.2567,0.2653,0.2555,187244743.9,DOGE/USD
2021-11-14,0.2613,0.2629,0.2718,0.2596,217418657.3,DOGE/USD
2021-11-13,0.2596,0.2612,0.2624,0.2544,145148491.1,DOGE/USD
2021-11-12,0.2606,0.2596,0.2686,0.2489,318056497.4,DOGE/USD
2021-11-11,0.2556,0.2606,0.2717,0.2534,272900616.5,DOGE/USD
2021-11-10,0.2737,0.2557,0.2774,0.2378,491370388.4,DOGE/USD
2021-11-09,0.2821,0.2737,0.2906,0.2715,454484692.9,DOGE/USD
2021-11-08,0.2667,0.2821,0.2975,0.2647,723761754.9,DOGE/USD
2021-11-07,0.262,0.2667,0.2699,0.2587,197626340.2,DOGE/USD
2021-11-06,0.2611,0.2621,0.2679,0.2504,256711767.0,DOGE/USD
2021-11-05,0.2631,0.261,0.271,0.2569,267711434.6,DOGE/USD
2021-11-04,0.269,0.2631,0.271,0.2542,375449920.2,DOGE/USD
2021-11-03,0.2743,0.269,0.2777,0.2629,441059901.1,DOGE/USD
2021-11-02,0.2718,0.2742,0.281,0.2645,452295999.6,DOGE/USD
2021-11-01,0.2803,0.2718,0.2865,0.2636,537972881.6,DOGE/USD
2021-10-31,0.2692,0.2802,0.2853,0.2523,832342399.1,DOGE/USD
2021-10-30,0.288,0.2691,0.2949,0.2578,682148981.7,DOGE/USD
2021-10-29,0.2998,0.288,0.3079,0.277,1096988764.3,DOGE/USD
2021-10-28,0.2381,0.2997,0.34,0.2326,3547278230.1,DOGE/USD
2021-10-27,0.256,0.238,0.2636,0.2202,1085324210.3,DOGE/USD
2021-10-26,0.2649,0.2559,0.2743,0.252,509754303.0,DOGE/USD
2021-10-25,0.2757,0.265,0.2806,0.2578,578483998.3,DOGE/USD
2021-10-24,0.251,0.2756,0.2846,0.2458,1015028156.3,DOGE/USD
2021-10-23,0.2444,0.2511,0.2538,0.2405,235020125.6,DOGE/USD
2021-10-22,0.2423,0.2445,0.2534,0.2349,354479657.1,DOGE/USD
2021-10-21,0.2547,0.2424,0.2585,0.2406,332634073.2,DOGE/USD
2021-10-20,0.2453,0.2548,0.262,0.242,373242733.8,DOGE/USD
2021-10-19,0.2473,0.2454,0.255,0.24,279025037.6,DOGE/USD
2021-10-18,0.2376,0.2473,0.2728,0.2369,712575910.4,DOGE/USD
2021-10-17,0.2373,0.2377,0.242,0.2256,245011411.6,DOGE/USD
2021-10-16,0.2342,0.2373,0.2455,0.2337,237927977.3,DOGE/USD
2021-10-15,0.2326,0.2342,0.2435,0.2243,345225790.5,DOGE/USD
2021-10-14,0.2327,0.2327,0.2404,0.2312,242876683.4,DOGE/USD
2021-10-13,0.2259,0.2328,0.2342,0.2206,232080787.5,DOGE/USD
2021-10-12,0.2313,0.2262,0.2318,0.216,227704427.6,DOGE/USD
2021-10-11,0.2288,0.2312,0.2394,0.2249,251479972.1,DOGE/USD
2021-10-10,0.2466,0.2288,0.2486,0.2262,209423964.0,DOGE/USD
2021-10-09,0.2441,0.2466,0.2526,0.241,230477283.4,DOGE/USD
2021-10-08,0.2429,0.2441,0.2548,0.2415,336989066.6,DOGE/USD
2021-10-07,0.2542,0.2428,0.2568,0.2357,602429714.1,DOGE/USD
2021-10-06,0.2519,0.2542,0.2718,0.2423,821122818.4,DOGE/USD
2021-10-05,0.2414,0.2519,0.2687,0.2327,846596694.9,DOGE/USD
2021-10-04,0.2219,0.2415,0.2491,0.2126,802734694.7,DOGE/USD
2021-10-03,0.2187,0.2218,0.2266,0.2157,188564520.6,DOGE/USD
2021-10-02,0.2228,0.2187,0.2253,0.2152,198897049.0,DOGE/USD
2021-10-01,0.2043,0.2228,0.2255,0.2018,248002051.9,DOGE/USD
2021-09-30,0.1987,0.2042,0.2059,0.1976,138736370.8,DOGE/USD
2021-09-29,0.1965,0.1987,0.2043,0.1948,171322022.7,DOGE/USD
2021-09-28,0.1998,0.1968,0.2026,0.1961,155875375.7,DOGE/USD
2021-09-27,0.205,0.1999,0.2095,0.1997,144394687.3,DOGE/USD
2021-09-26,0.2084,0.2051,0.2091,0.1943,211842463.3,DOGE/USD
2021-09-25,0.2094,0.2084,0.2127,0.2045,200179904.7,DOGE/USD
2021-09-24,0.2247,0.2092,0.2292,0.1967,384603240.4,DOGE/USD
2021-09-23,0.2245,0.2246,0.2274,0.2176,228485486.4,DOGE/USD
2021-09-22,0.201,0.2245,0.2306,0.1999,443720076.6,DOGE/USD
2021-09-21,0.2087,0.2009,0.2185,0.1977,364206027.1,DOGE/USD
2021-09-20,0.2329,0.2087,0.2335,0.1989,483209883.1,DOGE/USD
2021-09-19,0.2414,0.2329,0.2415,0.2308,117703007.4,DOGE/USD
2021-09-18,0.2402,0.2414,0.2476,0.2381,143157357.6,DOGE/USD
2021-09-17,0.2419,0.2401,0.26,0.2375,410488863.2,DOGE/USD
2021-09-16,0.2478,0.242,0.248,0.2332,184899915.5,DOGE/USD
2021-09-15,0.2406,0.2477,0.2484,0.2391,110482728.7,DOGE/USD
2021-09-14,0.2359,0.2407,0.2417,0.2338,143879242.2,DOGE/USD
2021-09-13,0.2502,0.236,0.2522,0.2284,337437100.6,DOGE/USD
2021-09-12,0.2412,0.2502,0.2554,0.2388,184559604.6,DOGE/USD
2021-09-11,0.2398,0.2411,0.248,0.2377,138158164.3,DOGE/USD
2021-09-10,0.2527,0.2398,0.262,0.2355,290362017.6,DOGE/USD
2021-09-09,0.2566,0.2527,0.2597,0.2486,269432873.5,DOGE/USD
2021-09-08,0.2556,0.2567,0.2637,0.2334,515368548.8,DOGE/USD
2021-09-07,0.3092,0.2557,0.3115,0.21,940077370.9,DOGE/USD
2021-09-06,0.3148,0.3091,0.3199,0.3002,295006262.7,DOGE/USD
2021-09-05,0.2995,0.3147,0.3159,0.2963,352644709.1,DOGE/USD
2021-09-04,0.2963,0.2994,0.3087,0.2933,285715298.7,DOGE/USD
2021-09-03,0.2948,0.2963,0.305,0.2874,374466691.5,DOGE/USD
2021-09-02,0.2944,0.2948,0.31,0.2919,532380997.3,DOGE/USD
2021-09-01,0.2783,0.2945,0.295,0.2731,340668630.5,DOGE/USD
2021-08-31,0.2721,0.2783,0.2861,0.27,265798812.0,DOGE/USD
2021-08-30,0.2813,0.272,0.2903,0.27,333045083.5,DOGE/USD
2021-08-29,0.2863,0.2813,0.2922,0.2766,238108435.3,DOGE/USD
2021-08-28,0.2946,0.2863,0.2998,0.2831,154141454.1,DOGE/USD
2021-08-27,0.2684,0.2948,0.2953,0.265,253519860.7,DOGE/USD
2021-08-26,0.2926,0.2684,0.2962,0.2643,337735827.8,DOGE/USD
2021-08-25,0.2888,0.2924,0.297,0.2795,251441677.7,DOGE/USD
2021-08-24,0.3179,0.2888,0.3196,0.276,410135197.3,DOGE/USD
2021-08-23,0.3149,0.3179,0.328,0.3128,312992689.9,DOGE/USD
2021-08-22,0.3171,0.3149,0.3217,0.3052,200280984.5,DOGE/USD
2021-08-21,0.3276,0.3173,0.3296,0.3145,277716902.0,DOGE/USD
2021-08-20,0.3178,0.3273,0.3349,0.3136,393858940.9,DOGE/USD
2021-08-19,0.3032,0.3176,0.3192,0.2937,466531914.1,DOGE/USD
2021-08-18,0.2993,0.3031,0.326,0.2783,887046305.6,DOGE/USD
2021-08-17,0.3194,0.2993,0.34,0.2942,772826988.2,DOGE/USD
2021-08-16,0.3404,0.3194,0.3519,0.31,919382770.8,DOGE/USD
2021-08-15,0.2939,0.3403,0.35,0.2875,1112193496.0,DOGE/USD
2021-08-14,0.287,0.2939,0.2988,0.276,562202841.7,DOGE/USD
2021-08-13,0.2642,0.287,0.2877,0.2616,483859802.7,DOGE/USD
2021-08-12,0.2646,0.264,0.2948,0.2516,745005518.7,DOGE/USD
2021-08-11,0.2576,0.2647,0.2829,0.2565,657443584.1,DOGE/USD
2021-08-10,0.2561,0.2575,0.2633,0.2452,456380783.0,DOGE/USD
2021-08-09,0.24,0.2562,0.267,0.2302,653554605.6,DOGE/USD
2021-08-08,0.2622,0.24,0.284,0.2347,951623526.0,DOGE/USD
2021-08-07,0.2049,0.2622,0.2634,0.2036,800423678.5,DOGE/USD
2021-08-06,0.2011,0.2049,0.2121,0.1984,180216995.9,DOGE/USD
2021-08-05,0.2015,0.201,0.2024,0.1944,128633579.9,DOGE/USD
2021-08-04,0.1963,0.2014,0.2032,0.1943,108608848.8,DOGE/USD
2021-08-03,0.2034,0.1962,0.2051,0.1932,135048499.9,DOGE/USD
2021-08-02,0.2043,0.2034,0.2099,0.2016,107019763.4,DOGE/USD
2021-08-01,0.2079,0.2043,0.2181,0.201,172196420.4,DOGE/USD
2021-07-31,0.209,0.2079,0.2146,0.205,108532677.2,DOGE/USD
2021-07-30,0.2048,0.2089,0.2107,0.196,168695117.4,DOGE/USD
2021-07-29,0.2057,0.2049,0.2066,0.2004,108692039.1,DOGE/USD
2021-07-28,0.2058,0.2059,0.2138,0.2016,186971251.7,DOGE/USD
2021-07-27,0.2039,0.2059,0.2096,0.1952,226006096.8,DOGE/USD
2021-07-26,0.1981,0.2039,0.2332,0.1968,626081630.9,DOGE/USD
2021-07-25,0.1971,0.1981,0.2009,0.1912,121896004.0,DOGE/USD
2021-07-24,0.1951,0.1971,0.2046,0.1913,165000795.3,DOGE/USD
2021-07-23,0.1913,0.195,0.1996,0.1832,144665301.8,DOGE/USD
2021-07-22,0.1906,0.1914,0.1965,0.1863,145232846.5,DOGE/USD
2021-07-21,0.1706,0.1905,0.215,0.1683,485064387.6,DOGE/USD
2021-07-20,0.1738,0.1706,0.18,0.16,218925708.2,DOGE/USD
2021-07-19,0.1817,0.1737,0.1844,0.1704,141656397.5,DOGE/USD
2021-07-18,0.1876,0.1817,0.1963,0.1803,140641638.8,DOGE/USD
2021-07-17,0.1721,0.1876,0.2059,0.169,283758045.1,DOGE/USD
2021-07-16,0.1853,0.1721,0.1883,0.1711,146625046.0,DOGE/USD
2021-07-15,0.1975,0.1853,0.2008,0.1803,123286255.7,DOGE/USD
2021-07-14,0.2,0.1976,0.2047,0.1874,140524632.0,DOGE/USD
2021-07-13,0.2078,0.2,0.2096,0.1975,95276373.8,DOGE/USD
2021-07-12,0.216,0.2078,0.2191,0.204,78345899.8,DOGE/USD
2021-07-11,0.2138,0.2159,0.2192,0.2107,47077254.7,DOGE/USD
2021-07-10,0.2196,0.2139,0.228,0.2099,95754193.0,DOGE/USD
2021-07-09,0.2072,0.2196,0.2298,0.1955,236319196.6,DOGE/USD
2021-07-08,0.224,0.2072,0.2249,0.2017,195477532.4,DOGE/USD
2021-07-07,0.2342,0.2239,0.2386,0.2209,107956123.5,DOGE/USD
2021-07-06,0.2312,0.2342,0.2422,0.2294,88550837.6,DOGE/USD
2021-07-05,0.2466,0.2312,0.2466,0.2262,100615850.7,DOGE/USD
2021-07-04,0.2465,0.2467,0.2528,0.2433,66153102.1,DOGE/USD
2021-07-03,0.2453,0.2465,0.2502,0.242,66914583.1,DOGE/USD
2021-07-02,0.2438,0.2452,0.2489,0.2385,111923201.4,DOGE/USD
2021-07-01,0.2539,0.2441,0.2619,0.2383,164261335.3,DOGE/USD
2021-06-30,0.2635,0.2541,0.2641,0.2378,184596444.7,DOGE/USD
2021-06-29,0.2571,0.2636,0.2758,0.2527,195143202.1,DOGE/USD
2021-06-28,0.2646,0.2572,0.2669,0.2506,171045051.3,DOGE/USD
2021-06-27,0.2458,0.2647,0.2677,0.2403,180482566.4,DOGE/USD
2021-06-26,0.2374,0.2459,0.2557,0.2306,208364317.6,DOGE/USD
2021-06-25,0.264,0.2375,0.29,0.2285,645832694.1,DOGE/USD
2021-06-24,0.2349,0.264,0.27,0.2218,351286805.7,DOGE/USD
2021-06-23,0.1909,0.2349,0.2495,0.1805,564383669.4,DOGE/USD
2021-06-22,0.1787,0.1909,0.2175,0.1633,794429143.4,DOGE/USD
2021-06-21,0.2803,0.1788,0.2811,0.1643,791737076.0,DOGE/USD
2021-06-20,0.2858,0.2803,0.2896,0.255,158647350.2,DOGE/USD
2021-06-19,0.2935,0.2856,0.298,0.2856,57112283.0,DOGE/USD
2021-06-18,0.3062,0.2934,0.3078,0.2799,176036609.4,DOGE/USD
2021-06-17,0.3078,0.3064,0.3141,0.3028,56543539.4,DOGE/USD
2021-06-16,0.3204,0.3077,0.3213,0.3051,82167983.9,DOGE/USD
2021-06-15,0.3277,0.3204,0.3307,0.3165,83817626.3,DOGE/USD
2021-06-14,0.3243,0.3276,0.3377,0.3196,93716865.3,DOGE/USD
2021-06-13,0.3123,0.3243,0.3306,0.3077,73923729.4,DOGE/USD
2021-06-12,0.3189,0.3121,0.3192,0.3011,94733927.0,DOGE/USD
2021-06-11,0.3262,0.3189,0.3343,0.311,132298372.1,DOGE/USD
2021-06-10,0.3437,0.3261,0.3455,0.3228,144170835.3,DOGE/USD
2021-06-09,0.3264,0.3436,0.3548,0.3125,197780888.9,DOGE/USD
2021-06-08,0.3317,0.3264,0.3422,0.2959,287575509.5,DOGE/USD
2021-06-07,0.3719,0.3315,0.38,0.3274,205450202.3,DOGE/USD
2021-06-06,0.3718,0.3717,0.3774,0.3669,125063397.2,DOGE/USD
2021-06-05,0.3769,0.3718,0.3948,0.3598,221827648.1,DOGE/USD
2021-06-04,0.4015,0.3769,0.4039,0.35,570165109.2,DOGE/USD
2021-06-03,0.4875,0.4015,0.4875,0.3779,190111721.7,DOGE/USD
2021-12-03,233.808,228.093,239.609,226.569,740640.794,SOL/USD
2021-12-02,229.928,233.845,243.564,220.113,1719258.938,SOL/USD
2021-12-01,208.716,229.928,232.492,207.821,1916110.501,SOL/USD
2021-11-30,204.205,208.676,218.549,199.711,1473322.714,SOL/USD
2021-11-29,200.838,204.187,212.993,199.863,1358697.217,SOL/USD
2021-11-28,192.942,200.907,203.009,181.067,1111076.894,SOL/USD
2021-11-27,192.481,192.952,199.511,190.627,900431.578,SOL/USD
2021-11-26,210.124,192.541,210.647,182.91,1795806.773,SOL/USD
2021-11-25,205.752,210.139,216.5,202.054,1140446.083,SOL/USD
2021-11-24,221.971,205.685,222.073,200.14,1328554.69,SOL/USD
2021-11-23,215.768,221.97,226.193,211.0,996750.961,SOL/USD
2021-11-22,230.752,215.788,232.269,211.757,1516214.968,SOL/USD
2021-11-21,217.865,230.785,235.584,210.622,1263272.834,SOL/USD
2021-11-20,215.441,217.865,221.374,206.0,912974.488,SOL/USD
2021-11-19,195.265,215.385,220.0,189.266,1735514.617,SOL/USD
2021-11-18,219.04,195.252,222.886,186.77,2542061.849,SOL/USD
2021-11-17,219.191,219.044,222.525,209.943,1535925.221,SOL/USD
2021-11-16,238.217,219.155,238.219,214.469,1744298.106,SOL/USD
2021-11-15,238.735,238.218,246.382,234.316,1106931.928,SOL/USD
2021-11-14,241.718,238.702,242.07,230.481,883162.651,SOL/USD
2021-11-13,228.486,241.776,242.098,224.919,972796.74,SOL/USD
2021-11-12,233.477,228.53,239.0,221.0,1241944.182,SOL/USD
2021-11-11,233.2,233.498,246.49,229.508,1187779.661,SOL/USD
2021-11-10,239.045,233.277,248.163,217.0,1713405.863,SOL/USD
2021-11-09,248.354,239.045,253.259,237.536,1299758.057,SOL/USD
2021-11-08,249.807,248.422,253.391,240.583,1451021.989,SOL/USD
2021-11-07,258.764,249.808,258.926,245.8,1032555.641,SOL/USD
2021-11-06,236.306,258.763,260.0,235.016,1398599.741,SOL/USD
2021-11-05,247.202,236.364,248.622,230.537,1200989.781,SOL/USD
2021-11-04,243.525,247.244,250.566,234.421,1905230.547,SOL/USD
2021-11-03,221.031,243.553,246.884,216.003,2683716.258,SOL/USD
2021-11-02,204.061,221.168,222.428,201.024,1588257.618,SOL/USD
2021-11-01,202.673,204.035,211.687,197.85,1629045.016,SOL/USD
2021-10-31,195.924,202.673,205.264,185.584,1261559.945,SOL/USD
2021-10-30,200.428,195.913,200.687,187.51,890535.465,SOL/USD
2021-10-29,195.481,200.439,205.307,194.627,1263193.234,SOL/USD
2021-10-28,184.682,195.377,201.561,181.75,1854736.75,SOL/USD
2021-10-27,199.911,184.682,205.599,179.761,2409699.187,SOL/USD
2021-10-26,209.585,199.857,214.163,196.446,1686387.215,SOL/USD
2021-10-25,202.303,209.6,218.97,198.127,1982476.011,SOL/USD
2021-10-24,197.71,202.304,205.0,185.313,1541736.74,SOL/USD
2021-10-23,196.246,197.707,205.719,192.017,1343191.296,SOL/USD
2021-10-22,190.501,196.247,215.0,188.025,3388534.536,SOL/USD
2021-10-21,176.759,190.473,194.415,176.759,3159255.295,SOL/USD
2021-10-20,155.852,176.787,176.89,155.144,1543942.471,SOL/USD
2021-10-19,157.125,155.85,159.4,153.183,701464.136,SOL/USD
2021-10-18,160.132,157.15,162.952,155.0,770654.878,SOL/USD
2021-10-17,157.615,160.097,167.5,153.2,934358.565,SOL/USD
2021-10-16,163.193,157.562,164.766,156.578,663795.43,SOL/USD
2021-10-15,150.026,163.214,165.268,146.75,1745195.785,SOL/USD
2021-10-14,148.068,150.016,155.65,147.318,1147763.989,SOL/USD
2021-10-13,152.441,148.039,155.549,144.344,1172944.074,SOL/USD
2021-10-12,144.854,152.452,153.626,137.66,2273847.701,SOL/USD
2021-10-11,147.637,144.853,154.0,140.175,1380478.104,SOL/USD
2021-10-10,156.783,147.624,158.554,145.67,868755.423,SOL/USD
2021-10-09,158.858,156.827,161.581,154.23,1039124.53,SOL/USD
2021-10-08,154.355,158.833,169.0,152.368,1679953.047,SOL/USD
2021-10-07,153.949,154.338,161.5,150.35,1709809.442,SOL/USD
2021-10-06,164.679,153.922,165.527,150.29,2138586.249,SOL/USD
2021-10-05,167.231,164.623,170.25,160.0,1500271.579,SOL/USD
2021-10-04,173.15,167.212,173.151,162.102,1442327.633,SOL/USD
2021-10-03,169.057,173.129,177.935,165.537,1326862.196,SOL/USD
2021-10-02,161.682,168.979,175.108,156.24,1698493.988,SOL/USD
2021-10-01,141.358,161.649,165.0,138.242,2216533.667,SOL/USD
2021-09-30,135.241,141.358,142.951,134.069,1465567.481,SOL/USD
2021-09-29,132.214,135.304,140.156,131.101,1627779.074,SOL/USD
2021-09-28,136.378,132.182,139.484,128.167,1352512.649,SOL/USD
2021-09-27,135.632,136.35,149.0,133.75,1726577.772,SOL/USD
2021-09-26,136.109,135.698,140.888,125.0,1490127.859,SOL/USD
2021-09-25,139.272,136.117,144.09,133.554,1164823.189,SOL/USD
2021-09-24,150.0,139.308,151.421,128.0,2948981.097,SOL/USD
2021-09-23,148.19,150.034,152.477,143.021,2203577.139,SOL/USD
2021-09-22,124.219,148.197,152.408,122.105,4596483.091,SOL/USD
2021-09-21,132.622,124.3,144.653,116.0,4647220.266,SOL/USD
2021-09-20,152.81,132.567,153.432,130.275,4576526.507,SOL/USD
2021-09-19,169.391,152.842,171.06,150.66,2365355.373,SOL/USD
2021-09-18,147.619,169.336,171.726,144.2,3950219.334,SOL/USD
2021-09-17,152.018,147.592,153.341,134.1,3754629.705,SOL/USD
2021-09-16,158.478,152.043,162.95,147.254,2056945.058,SOL/USD
2021-09-15,158.64,158.433,166.386,153.75,2604815.418,SOL/USD
2021-09-14,169.57,158.64,171.95,142.0,4242412.34,SOL/USD
2021-09-13,174.288,169.797,175.153,150.331,4089808.101,SOL/USD
2021-09-12,179.122,174.272,181.675,170.175,1620970.25,SOL/USD
2021-09-11,179.557,179.122,193.775,175.3,2638639.869,SOL/USD
2021-09-10,187.907,179.51,197.489,167.808,4013536.024,SOL/USD
2021-09-09,190.927,187.908,216.47,180.901,6536735.823,SOL/USD
2021-09-08,173.4,191.03,198.0,146.69,6756738.524,SOL/USD
2021-09-07,164.377,173.4,200.0,134.242,9199937.041,SOL/USD
2021-09-06,142.137,164.316,166.206,137.512,3112382.442,SOL/USD
2021-09-05,139.01,142.138,145.258,135.011,1848408.649,SOL/USD
2021-09-04,146.487,138.998,150.721,135.681,2581545.357,SOL/USD
2021-09-03,128.339,146.524,149.062,128.174,4579017.233,SOL/USD
2021-09-02,110.674,128.346,132.162,109.203,3311427.776,SOL/USD
2021-09-01,108.29,110.671,119.68,105.96,3442549.797,SOL/USD
2021-08-31,110.347,108.29,130.066,103.099,6557518.475,SOL/USD
2021-08-30,94.305,110.347,116.6,93.722,4791434.929,SOL/USD
2021-08-29,96.254,94.287,97.836,90.403,1382531.706,SOL/USD
2021-08-28,88.087,96.246,98.0,85.634,2092854.72,SOL/USD
2021-08-27,74.905,88.053,88.881,72.577,2938270.348,SOL/USD
2021-08-26,72.0,74.823,78.372,66.254,3107777.074,SOL/USD
2021-08-25,70.503,71.986,72.82,66.151,1664086.031,SOL/USD
2021-08-24,75.655,70.591,79.467,68.595,2213179.66,SOL/USD
2021-08-23,72.811,75.655,76.783,71.548,1353786.018,SOL/USD
2021-08-22,73.896,72.809,77.64,71.321,919777.031,SOL/USD
2021-08-21,78.72,73.937,82.044,72.672,1561200.394,SOL/USD
2021-08-20,72.803,78.746,80.0,70.926,2237442.953,SOL/USD
2021-08-19,72.703,72.831,75.496,68.339,2780702.829,SOL/USD
2021-08-18,64.209,72.736,80.55,59.772,5284962.631,SOL/USD
2021-08-17,62.087,64.169,75.0,58.677,4654781.901,SOL/USD
2021-08-16,53.565,62.055,69.8,52.3,3983494.186,SOL/USD
2021-08-15,44.201,53.556,54.778,43.427,2003802.362,SOL/USD
2021-08-14,44.885,44.178,44.906,42.8,356870.109,SOL/USD
2021-08-13,41.126,44.9,44.963,40.702,899382.997,SOL/USD
2021-08-12,41.653,41.102,43.49,39.286,771888.11,SOL/USD
2021-08-11,40.691,41.65,43.749,40.634,705570.472,SOL/USD
2021-08-10,38.679,40.691,41.768,38.222,637857.285,SOL/USD
2021-08-09,37.69,38.676,40.023,36.382,480575.521,SOL/USD
2021-08-08,39.506,37.689,39.594,36.92,383241.282,SOL/USD
2021-08-07,39.52,39.516,40.496,37.571,600846.645,SOL/USD
2021-08-06,37.427,39.513,40.453,35.672,709576.505,SOL/USD
2021-08-05,35.779,37.398,38.28,35.483,830964.109,SOL/USD
2021-08-04,34.116,35.794,36.662,33.268,733114.835,SOL/USD
2021-08-03,33.227,34.116,35.878,32.36,795903.493,SOL/USD
2021-08-02,34.162,33.187,35.93,33.03,731191.72,SOL/USD
2021-08-01,36.8,34.198,36.866,33.276,659610.671,SOL/USD
2021-07-31,32.389,36.759,37.0,31.705,906618.344,SOL/USD
2021-07-30,31.309,32.41,33.082,29.998,995658.776,SOL/USD
2021-07-29,27.894,31.295,31.935,27.33,604801.5,SOL/USD
2021-07-28,28.152,27.899,28.782,27.38,600058.97,SOL/USD
2021-07-27,28.2,28.158,29.013,26.909,704029.709,SOL/USD
2021-07-26,28.26,28.196,31.103,27.883,1209188.418,SOL/USD
2021-07-25,28.652,28.253,28.896,26.556,450179.708,SOL/USD
2021-07-24,28.554,28.65,29.508,28.036,407701.845,SOL/USD
2021-07-23,27.706,28.539,28.704,26.404,473682.475,SOL/USD
2021-07-22,26.702,27.713,28.193,25.935,533994.037,SOL/USD
2021-07-21,23.489,26.691,27.476,22.818,648433.046,SOL/USD
2021-07-20,24.539,23.472,24.993,22.139,684942.446,SOL/USD
2021-07-19,26.711,24.524,26.711,24.0,704230.827,SOL/USD
2021-07-18,26.743,26.696,27.753,26.265,187697.59,SOL/USD
2021-07-17,26.291,26.764,27.822,26.0,371501.752,SOL/USD
2021-07-16,28.575,26.296,29.48,26.204,336913.017,SOL/USD
2021-07-15,31.33,28.594,31.5,28.0,488220.773,SOL/USD
2021-07-14,29.173,31.349,31.468,27.442,384559.63,SOL/USD
2021-07-13,30.792,29.15,31.09,28.831,338740.808,SOL/USD
2021-07-12,32.191,30.749,32.686,30.0,330887.037,SOL/USD
2021-07-11,31.716,32.2,32.551,31.368,229085.018,SOL/USD
2021-07-10,33.3,31.722,34.223,31.069,317809.595,SOL/USD
2021-07-09,33.163,33.335,34.43,32.0,342965.297,SOL/USD
2021-07-08,36.678,33.161,36.962,32.586,656095.499,SOL/USD
2021-07-07,34.213,36.718,38.1,33.83,902836.013,SOL/USD
2021-07-06,32.922,34.217,35.048,32.909,348023.099,SOL/USD
2021-07-05,34.304,32.92,34.479,32.45,250865.933,SOL/USD
2021-07-04,34.536,34.332,35.504,33.582,243588.038,SOL/USD
2021-07-03,33.991,34.558,35.392,33.26,261802.341,SOL/USD
2021-07-02,33.28,33.991,34.1,31.408,458577.488,SOL/USD
2021-07-01,35.545,33.29,35.601,32.182,541918.057,SOL/USD
2021-06-30,33.951,35.565,36.0,31.602,754720.572,SOL/USD
2021-06-29,33.033,33.963,35.829,32.655,553005.369,SOL/USD
2021-06-28,31.935,33.013,34.323,31.01,459757.887,SOL/USD
2021-06-27,29.739,31.92,31.98,29.205,431491.168,SOL/USD
2021-06-26,28.6,29.739,30.121,26.72,469759.094,SOL/USD
2021-06-25,31.201,28.646,32.98,27.93,646762.929,SOL/USD
2021-06-24,30.851,31.187,33.0,28.477,883030.908,SOL/USD
2021-06-23,26.979,30.838,32.957,25.682,1145606.989,SOL/USD
2021-06-22,26.631,26.982,28.773,20.181,1438737.713,SOL/USD
2021-06-21,35.286,26.625,35.532,26.0,836374.38,SOL/USD
2021-06-20,35.2,35.271,35.954,31.324,287189.023,SOL/USD
2021-06-19,36.875,35.2,37.361,34.977,263002.615,SOL/USD
2021-06-18,39.321,36.842,39.45,35.0,471361.712,SOL/USD
2021-06-17,40.5,39.25,40.5,38.219,202117.954,SOL/USD
